{
    "LastUpdated": "2018-01-04T00:00:00",
    "Data": [
    {
        "Version":  "8.0.47",
        "Name": "2000"
    },
    {
        "Version":  "8.0.78"
    },
    {
        "Version":  "8.0.100"
    },
    {
        "Version":  "8.0.190"
    },
    {
        "SP":  "RTM",
        "Version":  "8.0.194",
        "SupportedUntil":  "2000-11-30T00:00:00"
    },
    {
        "Version":  "8.0.204",
        "KBList":  "274329"
    },
    {
        "Version":  "8.0.205",
        "KBList":  "274330"
    },
    {
        "Version":  "8.0.210",
        "KBList":  "275900"
    },
    {
        "Version":  "8.0.211",
        "KBList":  "276329"
    },
    {
        "Version":  "8.0.217",
        "KBList":  "279293"
    },
    {
        "Version":  "8.0.218",
        "KBList":  "279183"
    },
    {
        "Version":  "8.0.222",
        "KBList":  "281769"
    },
    {
        "Version":  "8.0.223",
        "KBList":  "280380"
    },
    {
        "Version":  "8.0.225",
        "KBList":  "281663"
    },
    {
        "Version":  "8.0.226",
        "KBList":  "278239"
    },
    {
        "Version":  "8.0.231",
        "KBList":  "282279"
    },
    {
        "Version":  "8.0.233",
        "KBList":  "282416"
    },
    {
        "Version":  "8.0.239",
        "KBList":  "285290"
    },
    {
        "Version":  "8.0.249",
        "KBList":  "288122"
    },
    {
        "Version":  "8.0.250",
        "KBList":  "291683"
    },
    {
        "Version":  "8.0.251",
        "KBList":  "300194"
    },
    {
        "Version":  "8.0.287",
        "KBList":  "297209"
    },
    {
        "Version":  "8.0.296",
        "KBList":  "299717"
    },
    {
        "SP":  "SP1",
        "Version":  "8.0.384",
        "SupportedUntil":  "2002-02-28T00:00:00",
        "KBList":  "306908"
    },
    {
        "Version":  "8.0.428",
        "KBList":  "304850"
    },
    {
        "Version":  "8.0.443",
        "KBList":  "307538"
    },
    {
        "Version":  "8.0.444",
        "KBList":  [
                       "307655",
                       "30754"
                   ]
    },
    {
        "Version":  "8.0.452",
        "KBList":  "308547"
    },
    {
        "Version":  "8.0.469",
        "KBList":  "313005"
    },
    {
        "Version":  "8.0.471",
        "KBList":  "313302"
    },
    {
        "Version":  "8.0.473",
        "KBList":  "314003"
    },
    {
        "Version":  "8.0.474",
        "KBList":  "315395"
    },
    {
        "Version":  "8.0.475"
    },
    {
        "SP":  "SP2",
        "Version":  "8.0.532",
        "SupportedUntil":  "2003-04-07T00:00:00",
        "KBList":  "306908"
    },
    {
        "Version":  "8.0.534",
        "KBList":  "306908"
    },
    {
        "Version":  "8.0.552",
        "KBList":  [
                       "313002",
                       "313005"
                   ]
    },
    {
        "Version":  "8.0.558",
        "KBList":  [
                       "314003",
                       "315395"
                   ]
    },
    {
        "Version":  "8.0.561"
    },
    {
        "Version":  "8.0.568",
        "KBList":  "317748"
    },
    {
        "Version":  "8.0.578",
        "KBList":  [
                       "318405",
                       "317979"
                   ]
    },
    {
        "Version":  "8.0.584",
        "KBList":  "318530"
    },
    {
        "Version":  "8.0.594",
        "KBList":  [
                       "356774",
                       "319477"
                   ]
    },
    {
        "Version":  "8.0.599",
        "KBList":  "319869"
    },
    {
        "Version":  "8.0.604"
    },
    {
        "Version":  "8.0.608",
        "KBList":  "319507"
    },
    {
        "Version":  "8.0.644",
        "KBList":  "324186"
    },
    {
        "Version":  "8.0.650",
        "KBList":  "322853"
    },
    {
        "Version":  "8.0.652",
        "KBList":  "810010"
    },
    {
        "Version":  "8.0.655"
    },
    {
        "Version":  "8.0.661",
        "KBList":  "326999"
    },
    {
        "Version":  "8.0.665"
    },
    {
        "Version":  "8.0.667"
    },
    {
        "Version":  "8.0.678",
        "KBList":  "328354"
    },
    {
        "Version":  "8.0.679",
        "KBList":  "316333"
    },
    {
        "Version":  "8.0.682",
        "KBList":  "319851"
    },
    {
        "Version":  "8.0.686",
        "KBList":  "316333"
    },
    {
        "Version":  "8.0.688",
        "KBList":  "329487"
    },
    {
        "Version":  "8.0.689",
        "KBList":  "329499"
    },
    {
        "Version":  "8.0.690",
        "KBList":  "311104"
    },
    {
        "Version":  "8.0.693",
        "KBList":  "330212"
    },
    {
        "Version":  "8.0.695",
        "KBList":  [
                       "331965",
                       "331855"
                   ]
    },
    {
        "Version":  "8.0.696",
        "KBList":  [
                       "810052",
                       "810072"
                   ]
    },
    {
        "Version":  "8.0.700",
        "KBList":  "810072"
    },
    {
        "Version":  "8.0.701",
        "KBList":  [
                       "810163",
                       "810026"
                   ]
    },
    {
        "Version":  "8.0.702",
        "KBList":  "328551"
    },
    {
        "Version":  "8.0.703",
        "KBList":  "810526"
    },
    {
        "Version":  "8.0.705",
        "KBList":  "810920"
    },
    {
        "Version":  "8.0.710",
        "KBList":  "811052"
    },
    {
        "Version":  "8.0.713",
        "KBList":  "811205"
    },
    {
        "Version":  "8.0.714",
        "KBList":  "811478"
    },
    {
        "Version":  "8.0.715",
        "KBList":  [
                       "810688",
                       "811611"
                   ]
    },
    {
        "Version":  "8.0.718",
        "KBList":  "811703"
    },
    {
        "Version":  "8.0.721",
        "KBList":  [
                       "812393",
                       "81225"
                   ]
    },
    {
        "Version":  "8.0.723",
        "KBList":  "812798"
    },
    {
        "Version":  "8.0.725",
        "KBList":  [
                       "813494",
                       "812995"
                   ]
    },
    {
        "Version":  "8.0.728",
        "KBList":  "814460"
    },
    {
        "Version":  "8.0.730",
        "KBList":  "813769"
    },
    {
        "Version":  "8.0.733",
        "KBList":  "813759"
    },
    {
        "Version":  "8.0.735",
        "KBList":  "814889"
    },
    {
        "Version":  "8.0.736",
        "KBList":  "816937"
    },
    {
        "Version":  "8.0.741",
        "KBList":  "818096"
    },
    {
        "Version":  "8.0.743",
        "KBList":  [
                       "818406",
                       "818763"
                   ]
    },
    {
        "SP":  "SP3",
        "Version":  "8.0.760",
        "SupportedUntil":  "2007-07-10T00:00:00",
        "KBList":  "306908"
    },
    {
        "Version":  "8.0.762",
        "KBList":  "814032"
    },
    {
        "Version":  "8.0.763",
        "KBList":  "814113"
    },
    {
        "Version":  "8.0.765",
        "KBList":  [
                       "811611",
                       "810688",
                       "810163",
                       "813769"
                   ]
    },
    {
        "Version":  "8.0.769",
        "KBList":  [
                       "814892",
                       "814889"
                   ]
    },
    {
        "Version":  "8.0.775",
        "KBList":  "815115"
    },
    {
        "Version":  "8.0.779",
        "KBList":  "814035"
    },
    {
        "Version":  "8.0.780",
        "KBList":  [
                       "816084",
                       "816039",
                       "801185"
                   ]
    },
    {
        "Version":  "8.0.781",
        "KBList":  "815057"
    },
    {
        "Version":  "8.0.788",
        "KBList":  "816985"
    },
    {
        "Version":  "8.0.789",
        "KBList":  "816840"
    },
    {
        "Version":  "8.0.790",
        "KBList":  "817081"
    },
    {
        "Version":  "8.0.791",
        "KBList":  "815249"
    },
    {
        "Version":  "8.0.794",
        "KBList":  [
                       "817709",
                       "816440",
                       "813524",
                       "817464"
                   ]
    },
    {
        "Version":  "8.0.798",
        "KBList":  "817464"
    },
    {
        "Version":  "8.0.800",
        "KBList":  [
                       "818188",
                       "818097"
                   ]
    },
    {
        "Version":  "8.0.801",
        "KBList":  "181540"
    },
    {
        "Version":  "8.0.804",
        "KBList":  "818729"
    },
    {
        "Version":  "8.0.807",
        "KBList":  "818899"
    },
    {
        "Version":  "8.0.811",
        "KBList":  [
                       "891662",
                       "819248",
                       "818897"
                   ]
    },
    {
        "Version":  "8.0.814",
        "KBList":  "819662"
    },
    {
        "Version":  "8.0.816",
        "KBList":  "818766"
    },
    {
        "Version":  "8.0.818",
        "KBList":  [
                       "821280",
                       "826161",
                       "821277"
                   ]
    },
    {
        "Version":  "8.0.819",
        "KBList":  "826161"
    },
    {
        "Version":  "8.0.837",
        "KBList":  [
                       "823514",
                       "821740",
                       "821548",
                       "821741",
                       "820788"
                   ]
    },
    {
        "Version":  "8.0.839",
        "KBList":  [
                       "824027",
                       "823877"
                   ]
    },
    {
        "Version":  "8.0.840",
        "KBList":  "319477"
    },
    {
        "Version":  "8.0.841",
        "KBList":  "825225"
    },
    {
        "Version":  "8.0.842",
        "KBList":  "825043"
    },
    {
        "Version":  "8.0.844",
        "KBList":  "826080"
    },
    {
        "Version":  "8.0.845",
        "KBList":  [
                       "825854",
                       "826364"
                   ]
    },
    {
        "Version":  "8.0.847",
        "KBList":  "826433"
    },
    {
        "Version":  "8.0.848",
        "KBList":  "826822"
    },
    {
        "Version":  "8.0.850",
        "KBList":  [
                       "826906",
                       "826815",
                       "826860"
                   ]
    },
    {
        "Version":  "8.0.851",
        "KBList":  "826754"
    },
    {
        "Version":  "8.0.852",
        "KBList":  [
                       "827954",
                       "830466"
                   ]
    },
    {
        "Version":  "8.0.854",
        "KBList":  "828699"
    },
    {
        "Version":  "8.0.856",
        "KBList":  "828096"
    },
    {
        "Version":  "8.0.857",
        "KBList":  [
                       "828308",
                       "827714",
                       "828017"
                   ]
    },
    {
        "Version":  "8.0.858",
        "KBList":  "828637"
    },
    {
        "Version":  "8.0.859",
        "KBList":  "821334"
    },
    {
        "Version":  "8.0.863",
        "KBList":  [
                       "829444",
                       "829205"
                   ]
    },
    {
        "Version":  "8.0.865",
        "KBList":  [
                       "828945",
                       "830395"
                   ]
    },
    {
        "Version":  "8.0.866",
        "KBList":  "830366"
    },
    {
        "Version":  "8.0.869",
        "KBList":  "830588"
    },
    {
        "Version":  "8.0.870",
        "KBList":  "830262"
    },
    {
        "Version":  "8.0.871",
        "KBList":  [
                       "830860",
                       "830767"
                   ]
    },
    {
        "Version":  "8.0.873",
        "KBList":  "830887"
    },
    {
        "Version":  "8.0.876",
        "KBList":  [
                       "831997",
                       "830912"
                   ]
    },
    {
        "Version":  "8.0.878",
        "KBList":  "831950"
    },
    {
        "Version":  "8.0.879",
        "KBList":  "832977"
    },
    {
        "Version":  "8.0.891",
        "KBList":  "836141"
    },
    {
        "Version":  "8.0.892",
        "KBList":  "833710"
    },
    {
        "Version":  "8.0.904",
        "KBList":  "834453"
    },
    {
        "Version":  "8.0.908",
        "KBList":  "834290"
    },
    {
        "Version":  "8.0.910",
        "KBList":  "834798"
    },
    {
        "Version":  "8.0.911",
        "KBList":  "837957"
    },
    {
        "Version":  "8.0.913",
        "KBList":  "836651"
    },
    {
        "Version":  "8.0.915",
        "KBList":  "837401"
    },
    {
        "Version":  "8.0.916",
        "KBList":  "317989"
    },
    {
        "Version":  "8.0.919",
        "KBList":  "837957"
    },
    {
        "Version":  "8.0.922",
        "KBList":  "837970"
    },
    {
        "Version":  "8.0.923",
        "KBList":  "838460"
    },
    {
        "Version":  "8.0.926",
        "KBList":  "839523"
    },
    {
        "Version":  "8.0.927",
        "KBList":  "839688"
    },
    {
        "Version":  "8.0.928",
        "KBList":  "839589"
    },
    {
        "Version":  "8.0.929",
        "KBList":  "839529"
    },
    {
        "Version":  "8.0.933",
        "KBList":  "840856"
    },
    {
        "Version":  "8.0.934",
        "KBList":  "841404"
    },
    {
        "Version":  "8.0.935",
        "KBList":  "841404"
    },
    {
        "Version":  "8.0.936",
        "KBList":  "841627"
    },
    {
        "Version":  "8.0.937",
        "KBList":  "841776"
    },
    {
        "Version":  "8.0.944",
        "KBList":  "839280"
    },
    {
        "Version":  "8.0.948",
        "KBList":  "843263"
    },
    {
        "Version":  "8.0.949",
        "KBList":  "843266"
    },
    {
        "Version":  "8.0.952",
        "KBList":  [
                       "867880",
                       "867879",
                       "867878"
                   ]
    },
    {
        "Version":  "8.0.954",
        "KBList":  "843282"
    },
    {
        "Version":  "8.0.955",
        "KBList":  "867798"
    },
    {
        "Version":  "8.0.957",
        "KBList":  "870994"
    },
    {
        "Version":  "8.0.959",
        "KBList":  "878500"
    },
    {
        "Version":  "8.0.961",
        "KBList":  "873446"
    },
    {
        "Version":  "8.0.962",
        "KBList":  "883415"
    },
    {
        "Version":  "8.0.967",
        "KBList":  "878501"
    },
    {
        "Version":  "8.0.970",
        "KBList":  "872842"
    },
    {
        "Version":  "8.0.972",
        "KBList":  "885290"
    },
    {
        "Version":  "8.0.973",
        "KBList":  "884554"
    },
    {
        "Version":  "8.0.977",
        "KBList":  "888007"
    },
    {
        "Version":  "8.0.980",
        "KBList":  "887974"
    },
    {
        "Version":  "8.0.985",
        "KBList":  "889239"
    },
    {
        "Version":  "8.0.988",
        "KBList":  "889166"
    },
    {
        "Version":  "8.0.990",
        "KBList":  "890200"
    },
    {
        "Version":  "8.0.991",
        "KBList":  "889314"
    },
    {
        "Version":  "8.0.993",
        "KBList":  [
                       "890742",
                       "888444",
                       "890925"
                   ]
    },
    {
        "Version":  "8.0.994",
        "KBList":  [
                       "890767",
                       "890768",
                       "890942"
                   ]
    },
    {
        "Version":  "8.0.996",
        "KBList":  [
                       "891268",
                       "891017"
                   ]
    },
    {
        "Version":  "8.0.997",
        "KBList":  "891311"
    },
    {
        "Version":  "8.0.1000",
        "KBList":  "891585"
    },
    {
        "Version":  "8.0.1001",
        "KBList":  "892205"
    },
    {
        "Version":  "8.0.1003",
        "KBList":  "892923"
    },
    {
        "Version":  "8.0.1007",
        "KBList":  "893312"
    },
    {
        "Version":  "8.0.1009",
        "KBList":  "894257"
    },
    {
        "Version":  "8.0.1013",
        "KBList":  "891866"
    },
    {
        "Version":  "8.0.1014",
        "KBList":  [
                       "895187",
                       "895123"
                   ]
    },
    {
        "Version":  "8.0.1017",
        "KBList":  "896425"
    },
    {
        "Version":  "8.0.1019",
        "KBList":  "897572"
    },
    {
        "Version":  "8.0.1020",
        "KBList":  "896985"
    },
    {
        "Version":  "8.0.1021",
        "KBList":  "887700"
    },
    {
        "Version":  "8.0.1024",
        "KBList":  "898709"
    },
    {
        "Version":  "8.0.1025",
        "KBList":  [
                       "899430",
                       "899428"
                   ]
    },
    {
        "Version":  "8.0.1027",
        "KBList":  "900416"
    },
    {
        "Version":  "8.0.1029",
        "KBList":  "902852"
    },
    {
        "Version":  "8.0.1034",
        "KBList":  "915328"
    },
    {
        "Version":  "8.0.1035",
        "KBList":  "917593"
    },
    {
        "Version":  "8.0.1036",
        "KBList":  "929410"
    },
    {
        "Version":  "8.0.1037",
        "KBList":  "930484"
    },
    {
        "Version":  "8.0.1077",
        "KBList":  "983814"
    },
    {
        "Version":  "8.0.1547",
        "KBList":  "899410"
    },
    {
        "Version":  "8.0.2026"
    },
    {
        "SP":  [
                   "SP4",
                   "LATEST"
               ],
        "Version":  "8.0.2039",
        "SupportedUntil":  "2013-04-09T00:00:00",
        "KBList":  "306908"
    },
    {
        "Version":  "8.0.2040",
        "KBList":  "899761"
    },
    {
        "Version":  "8.0.2050",
        "KBList":  [
                       "941203",
                       "94811"
                   ]
    },
    {
        "Version":  "8.0.2055",
        "KBList":  "959240"
    },
    {
        "Version":  "8.0.2145",
        "KBList":  [
                       "826906",
                       "836651"
                   ]
    },
    {
        "Version":  "8.0.2147",
        "KBList":  "899410"
    },
    {
        "Version":  "8.0.2148",
        "KBList":  [
                       "899430",
                       "899431",
                       "900390",
                       "900404",
                       "901212",
                       "902150",
                       "902955"
                   ]
    },
    {
        "Version":  "8.0.2151",
        "KBList":  [
                       "903742",
                       "904244"
                   ]
    },
    {
        "Version":  "8.0.2156"
    },
    {
        "Version":  "8.0.2159",
        "KBList":  "907250"
    },
    {
        "Version":  "8.0.2162",
        "KBList":  "904660"
    },
    {
        "Version":  "8.0.2166",
        "KBList":  "909734"
    },
    {
        "Version":  "8.0.2168",
        "KBList":  "907813"
    },
    {
        "Version":  "8.0.2171",
        "KBList":  "909369"
    },
    {
        "Version":  "8.0.2172",
        "KBList":  "910707"
    },
    {
        "Version":  "8.0.2175",
        "KBList":  "911678"
    },
    {
        "Version":  "8.0.2180",
        "KBList":  [
                       "913684",
                       "913789"
                   ]
    },
    {
        "Version":  "8.0.2187",
        "KBList":  [
                       "916287",
                       "914384",
                       "898709",
                       "915065",
                       "915340"
                   ]
    },
    {
        "Version":  "8.0.2189",
        "KBList":  [
                       "916652",
                       "913438"
                   ]
    },
    {
        "Version":  "8.0.2191",
        "KBList":  [
                       "826906",
                       "836651"
                   ]
    },
    {
        "Version":  "8.0.2192",
        "KBList":  "917606"
    },
    {
        "Version":  "8.0.2194",
        "KBList":  [
                       "917972",
                       "917565"
                   ]
    },
    {
        "Version":  "8.0.2196",
        "KBList":  "919165"
    },
    {
        "Version":  "8.0.2197",
        "KBList":  [
                       "919133",
                       "919068",
                       "919399"
                   ]
    },
    {
        "Version":  "8.0.2199",
        "KBList":  "919221"
    },
    {
        "Version":  "8.0.2201",
        "KBList":  "920930"
    },
    {
        "Version":  "8.0.2207",
        "KBList":  "923344"
    },
    {
        "Version":  "8.0.2209",
        "KBList":  "923797"
    },
    {
        "Version":  "8.0.2215",
        "KBList":  [
                       "924662",
                       "923563",
                       "923796"
                   ]
    },
    {
        "Version":  "8.0.2217",
        "KBList":  "924664"
    },
    {
        "Version":  "8.0.2218",
        "KBList":  "925297"
    },
    {
        "Version":  "8.0.2223",
        "KBList":  [
                       "925678",
                       "925419"
                   ]
    },
    {
        "Version":  "8.0.2226",
        "KBList":  [
                       "925684",
                       "925732"
                   ]
    },
    {
        "Version":  "8.0.2229",
        "KBList":  "927186"
    },
    {
        "Version":  "8.0.2231",
        "KBList":  "928079"
    },
    {
        "Version":  "8.0.2232",
        "KBList":  "928568"
    },
    {
        "Version":  "8.0.2234",
        "KBList":  [
                       "929440",
                       "929131"
                   ]
    },
    {
        "Version":  "8.0.2236",
        "KBList":  "930484"
    },
    {
        "Version":  "8.0.2238",
        "KBList":  "931932"
    },
    {
        "Version":  "8.0.2242",
        "KBList":  "929131"
    },
    {
        "Version":  "8.0.2244",
        "KBList":  "934203"
    },
    {
        "Version":  "8.0.2245",
        "KBList":  "933573"
    },
    {
        "Version":  "8.0.2246",
        "KBList":  "935465"
    },
    {
        "Version":  "8.0.2248",
        "KBList":  "935950"
    },
    {
        "Version":  "8.0.2249",
        "KBList":  "936232"
    },
    {
        "Version":  "8.0.2253",
        "KBList":  "939317"
    },
    {
        "Version":  "8.0.2265",
        "KBList":  "944985"
    },
    {
        "Version":  "8.0.2271",
        "KBList":  "946584"
    },
    {
        "Version":  "8.0.2273",
        "KBList":  [
                       "941203",
                       "948111"
                   ]
    },
    {
        "Version":  "8.0.2279",
        "KBList":  "959678"
    },
    {
        "Version":  "8.0.2282",
        "KBList":  "960083"
    },
    {
        "Version":  "8.0.2283",
        "KBList":  "971524"
    },
    {
        "Version":  "8.0.2301",
        "KBList":  "983809"
    },
    {
        "Version":  "8.0.2305",
        "KBList":  "983811"
    },
    {
        "Version":  "9.0.0",
        "Name": "2005"
    },
    {
        "SP":  "RTM",
        "Version":  "9.0.1399",
        "SupportedUntil":  "2007-07-10T00:00:00"
    },
    {
        "Version":  "9.0.1406",
        "KBList":  "932557"
    },
    {
        "Version":  "9.0.1500",
        "KBList":  "910416"
    },
    {
        "Version":  "9.0.1502",
        "KBList":  "915793"
    },
    {
        "Version":  "9.0.1503",
        "KBList":  "911662"
    },
    {
        "Version":  "9.0.1514",
        "KBList":  "912471"
    },
    {
        "Version":  "9.0.1518",
        "KBList":  [
                       "913371",
                       "912472",
                       "913941"
                   ]
    },
    {
        "Version":  "9.0.1519",
        "KBList":  "913494"
    },
    {
        "Version":  "9.0.1528",
        "KBList":  [
                       "915122",
                       "915306",
                       "915307",
                       "915308",
                       "915309"
                   ]
    },
    {
        "Version":  "9.0.1531",
        "KBList":  "915918"
    },
    {
        "Version":  "9.0.1532",
        "KBList":  "916046"
    },
    {
        "Version":  "9.0.1533",
        "KBList":  "916086"
    },
    {
        "Version":  "9.0.1534",
        "KBList":  "916706"
    },
    {
        "Version":  "9.0.1536",
        "KBList":  "917016"
    },
    {
        "Version":  "9.0.1538",
        "KBList":  "917824"
    },
    {
        "Version":  "9.0.1539",
        "KBList":  "917738"
    },
    {
        "Version":  "9.0.1541",
        "KBList":  [
                       "917971",
                       "917888"
                   ]
    },
    {
        "Version":  "9.0.1545",
        "KBList":  "917905"
    },
    {
        "Version":  "9.0.1547",
        "KBList":  "918276"
    },
    {
        "Version":  "9.0.1550",
        "KBList":  [
                       "921106",
                       "917887"
                   ]
    },
    {
        "Version":  "9.0.1551",
        "KBList":  [
                       "922804",
                       "922527"
                   ]
    },
    {
        "Version":  "9.0.1554",
        "KBList":  "926292"
    },
    {
        "Version":  "9.0.1558",
        "KBList":  "926493"
    },
    {
        "Version":  "9.0.1561",
        "KBList":  "932556"
    },
    {
        "Version":  "9.0.2029"
    },
    {
        "Version":  "9.0.2040"
    },
    {
        "SP":  "SP1",
        "Version":  "9.0.2047",
        "SupportedUntil":  "2008-04-08T00:00:00",
        "KBList":  "913090"
    },
    {
        "Version":  "9.0.2050",
        "KBList":  "932555"
    },
    {
        "Version":  "9.0.2153",
        "KBList":  [
                       "919224",
                       "918222"
                   ]
    },
    {
        "Version":  "9.0.2156",
        "KBList":  "919611"
    },
    {
        "Version":  "9.0.2164",
        "KBList":  [
                       "919775",
                       "919636",
                       "918882",
                       "920206",
                       "921003",
                       "919929",
                       "920347",
                       "920346",
                       "919243"
                   ]
    },
    {
        "Version":  "9.0.2167",
        "KBList":  "920974"
    },
    {
        "Version":  "9.0.2174",
        "KBList":  "922063"
    },
    {
        "Version":  "9.0.2175",
        "KBList":  [
                       "921536",
                       "922438",
                       "922578",
                       "917905",
                       "921395"
                   ]
    },
    {
        "Version":  "9.0.2176",
        "KBList":  [
                       "923296",
                       "922594"
                   ]
    },
    {
        "Version":  "9.0.2181",
        "KBList":  [
                       "923634",
                       "923605"
                   ]
    },
    {
        "Version":  "9.0.2187",
        "KBList":  "923849"
    },
    {
        "Version":  "9.0.2189",
        "KBList":  "925153"
    },
    {
        "Version":  "9.0.2190",
        "KBList":  "925227"
    },
    {
        "Version":  "9.0.2191",
        "KBList":  "925135"
    },
    {
        "Version":  "9.0.2192",
        "KBList":  [
                       "925335",
                       "924954"
                   ]
    },
    {
        "Version":  "9.0.2194",
        "KBList":  "925744"
    },
    {
        "Version":  "9.0.2195",
        "KBList":  "926240"
    },
    {
        "Version":  "9.0.2196",
        "KBList":  [
                       "926335",
                       "926285"
                   ]
    },
    {
        "Version":  "9.0.2198",
        "KBList":  [
                       "925277",
                       "924808",
                       "926611",
                       "926773",
                       "926612",
                       "924624",
                       "924807",
                       "926106",
                       "926613"
                   ]
    },
    {
        "Version":  "9.0.2201",
        "KBList":  "927289"
    },
    {
        "Version":  "9.0.2202",
        "KBList":  "927643"
    },
    {
        "Version":  "9.0.2206",
        "KBList":  [
                       "928529",
                       "926493",
                       "928537",
                       "928083"
                   ]
    },
    {
        "Version":  "9.0.2207",
        "KBList":  [
                       "928789",
                       "928732",
                       "928394"
                   ]
    },
    {
        "Version":  "9.0.2208",
        "KBList":  "929179"
    },
    {
        "Version":  "9.0.2209",
        "KBList":  "929278"
    },
    {
        "Version":  "9.0.2211",
        "KBList":  [
                       "930283",
                       "930284"
                   ]
    },
    {
        "Version":  "9.0.2214",
        "KBList":  [
                       "929240",
                       "930505"
                   ]
    },
    {
        "Version":  "9.0.2216",
        "KBList":  "931821"
    },
    {
        "Version":  "9.0.2218",
        "KBList":  "931843"
    },
    {
        "Version":  "9.0.2219",
        "KBList":  "932115"
    },
    {
        "Version":  "9.0.2221",
        "KBList":  "931593"
    },
    {
        "Version":  "9.0.2223",
        "KBList":  "932393"
    },
    {
        "Version":  "9.0.2226",
        "KBList":  [
                       "933762",
                       "934065"
                   ]
    },
    {
        "Version":  "9.0.2227",
        "KBList":  "933265"
    },
    {
        "Version":  "9.0.2229",
        "KBList":  "935446"
    },
    {
        "Version":  "9.0.2230",
        "KBList":  "936179"
    },
    {
        "Version":  "9.0.2231",
        "KBList":  "934812"
    },
    {
        "Version":  "9.0.2232",
        "KBList":  "937277"
    },
    {
        "Version":  "9.0.2233",
        "KBList":  [
                       "937544",
                       "933499",
                       "937545"
                   ]
    },
    {
        "Version":  "9.0.2234",
        "KBList":  "937343"
    },
    {
        "Version":  "9.0.2236",
        "KBList":  [
                       "940286",
                       "940287"
                   ]
    },
    {
        "Version":  "9.0.2237",
        "KBList":  "940719"
    },
    {
        "Version":  "9.0.2239",
        "KBList":  "940961"
    },
    {
        "Version":  "9.0.2242",
        "KBList":  [
                       "943888",
                       "943389"
                   ]
    },
    {
        "Version":  "9.0.2243",
        "KBList":  "944968"
    },
    {
        "Version":  "9.0.2245",
        "KBList":  "933573"
    },
    {
        "Version":  "9.0.2249",
        "KBList":  "948344"
    },
    {
        "Version":  "9.0.3026",
        "KBList":  "929376"
    },
    {
        "Version":  "9.0.3027"
    },
    {
        "Version":  "9.0.3033"
    },
    {
        "SP":  "SP2",
        "Version":  "9.0.3042",
        "SupportedUntil":  "2010-01-12T00:00:00",
        "KBList":  "921896"
    },
    {
        "Version":  "9.0.3043",
        "KBList":  "933508"
    },
    {
        "Version":  "9.0.3050",
        "KBList":  "933508"
    },
    {
        "Version":  "9.0.3054",
        "KBList":  "934458"
    },
    {
        "Version":  "9.0.3068",
        "KBList":  "948109"
    },
    {
        "Version":  "9.0.3073",
        "KBList":  "954606"
    },
    {
        "Version":  "9.0.3077",
        "KBList":  "959420"
    },
    {
        "Version":  "9.0.3080",
        "KBList":  "970895"
    },
    {
        "Version":  "9.0.3152"
    },
    {
        "Version":  "9.0.3153",
        "KBList":  "937137"
    },
    {
        "Version":  "9.0.3154",
        "KBList":  "937137"
    },
    {
        "Version":  "9.0.3155",
        "KBList":  "937137"
    },
    {
        "Version":  "9.0.3156"
    },
    {
        "Version":  "9.0.3159"
    },
    {
        "Version":  "9.0.3161",
        "CU":  "CU1"
    },
    {
        "Version":  "9.0.3162",
        "KBList":  "937137"
    },
    {
        "Version":  "9.0.3166",
        "KBList":  "937137"
    },
    {
        "Version":  "9.0.3169",
        "KBList":  "937137"
    },
    {
        "Version":  "9.0.3171",
        "KBList":  "937745"
    },
    {
        "Version":  "9.0.3175",
        "CU":  "CU2"
    },
    {
        "Version":  "9.0.3177",
        "KBList":  "937137"
    },
    {
        "Version":  "9.0.3178",
        "KBList":  "937137"
    },
    {
        "Version":  "9.0.3179",
        "KBList":  "937137"
    },
    {
        "Version":  "9.0.3180",
        "KBList":  "939942"
    },
    {
        "Version":  "9.0.3182",
        "KBList":  "937137"
    },
    {
        "Version":  "9.0.3186",
        "CU":  "CU3"
    },
    {
        "Version":  "9.0.3194",
        "KBList":  "937137"
    },
    {
        "Version":  "9.0.3195"
    },
    {
        "Version":  "9.0.3200",
        "CU":  "CU4"
    },
    {
        "Version":  "9.0.3203",
        "KBList":  "937137"
    },
    {
        "Version":  "9.0.3205",
        "KBList":  "937137"
    },
    {
        "Version":  "9.0.3206"
    },
    {
        "Version":  "9.0.3208"
    },
    {
        "Version":  "9.0.3209"
    },
    {
        "Version":  "9.0.3215",
        "CU":  "CU5"
    },
    {
        "Version":  "9.0.3221",
        "KBList":  [
                       "942908",
                       "945442",
                       "945443",
                       "945916"
                   ]
    },
    {
        "Version":  "9.0.3222",
        "KBList":  [
                       "945640",
                       "945641",
                       "947196",
                       "947197"
                   ]
    },
    {
        "Version":  "9.0.3224",
        "KBList":  "947463"
    },
    {
        "Version":  "9.0.3228",
        "CU":  "CU6"
    },
    {
        "Version":  "9.0.3230",
        "KBList":  "949199"
    },
    {
        "Version":  "9.0.3231",
        "KBList":  [
                       "949595",
                       "949687"
                   ]
    },
    {
        "Version":  "9.0.3232",
        "KBList":  "949959"
    },
    {
        "Version":  "9.0.3233",
        "KBList":  "948108"
    },
    {
        "Version":  "9.0.3235",
        "KBList":  "950189"
    },
    {
        "Version":  "9.0.3239",
        "CU":  "CU7"
    },
    {
        "Version":  "9.0.3240",
        "KBList":  "951204"
    },
    {
        "Version":  "9.0.3242",
        "KBList":  "951190"
    },
    {
        "Version":  "9.0.3244",
        "KBList":  "952330"
    },
    {
        "Version":  "9.0.3246",
        "KBList":  "952233"
    },
    {
        "CU":  "CU8",
        "Version":  "9.0.3257",
        "KBList":  "951217"
    },
    {
        "Version":  "9.0.3259",
        "KBList":  [
                       "954669",
                       "954831"
                   ]
    },
    {
        "Version":  "9.0.3260",
        "KBList":  "954950"
    },
    {
        "Version":  "9.0.3282",
        "CU":  "CU9"
    },
    {
        "Version":  "9.0.3294",
        "CU":  "CU10"
    },
    {
        "CU":  "CU11",
        "Version":  "9.0.3301",
        "KBList":  "958735"
    },
    {
        "Version":  "9.0.3302",
        "KBList":  [
                       "961479",
                       "961648"
                   ]
    },
    {
        "Version":  "9.0.3303",
        "KBList":  "962290"
    },
    {
        "Version":  "9.0.3310",
        "KBList":  "960090"
    },
    {
        "CU":  "CU12",
        "Version":  "9.0.3315",
        "KBList":  "962970"
    },
    {
        "Version":  "9.0.3318",
        "KBList":  "967199"
    },
    {
        "Version":  "9.0.3320",
        "KBList":  "969142"
    },
    {
        "CU":  "CU13",
        "Version":  "9.0.3325",
        "KBList":  "967908"
    },
    {
        "Version":  "9.0.3327",
        "CU":  "CU14"
    },
    {
        "CU":  "CU15",
        "Version":  "9.0.3328",
        "KBList":  "970278"
    },
    {
        "Version":  "9.0.3353",
        "KBList":  "970896"
    },
    {
        "CU":  "CU16",
        "Version":  "9.0.3355",
        "KBList":  "974647"
    },
    {
        "CU":  "CU17",
        "Version":  "9.0.3356",
        "KBList":  "976952"
    },
    {
        "Version":  "9.0.4028"
    },
    {
        "SP":  "SP3",
        "Version":  "9.0.4035",
        "SupportedUntil":  "2012-01-10T00:00:00"
    },
    {
        "Version":  "9.0.4053",
        "KBList":  "970892"
    },
    {
        "Version":  "9.0.4060",
        "KBList":  "2494113"
    },
    {
        "Version":  "9.0.4207",
        "CU":  "CU1"
    },
    {
        "Version":  "9.0.4211",
        "CU":  "CU2"
    },
    {
        "Version":  "9.0.4216",
        "KBList":  "967101"
    },
    {
        "CU":  "CU3",
        "Version":  "9.0.4220",
        "KBList":  "967909"
    },
    {
        "Version":  "9.0.4224",
        "KBList":  "917606"
    },
    {
        "Version":  "9.0.4226",
        "CU":  "CU4"
    },
    {
        "CU":  "CU5",
        "Version":  "9.0.4230",
        "KBList":  "972511"
    },
    {
        "Version":  "9.0.4262",
        "KBList":  "970894"
    },
    {
        "CU":  "CU6",
        "Version":  "9.0.4266",
        "KBList":  "974648"
    },
    {
        "Version":  "9.0.4268",
        "KBList":  "977151"
    },
    {
        "CU":  "CU7",
        "Version":  "9.0.4273",
        "KBList":  "976951"
    },
    {
        "CU":  "CU8",
        "Version":  "9.0.4285",
        "KBList":  "978915"
    },
    {
        "CU":  "CU9",
        "Version":  "9.0.4294",
        "KBList":  "980176"
    },
    {
        "CU":  "CU10",
        "Version":  "9.0.4305",
        "KBList":  "983329"
    },
    {
        "CU":  "CU11",
        "Version":  "9.0.4309",
        "KBList":  "2258854"
    },
    {
        "CU":  "CU12",
        "Version":  "9.0.4311",
        "KBList":  "2345449"
    },
    {
        "CU":  "CU13",
        "Version":  "9.0.4315",
        "KBList":  "2438344"
    },
    {
        "CU":  "CU14",
        "Version":  "9.0.4317",
        "KBList":  "2489375"
    },
    {
        "CU":  "CU15",
        "Version":  "9.0.4325",
        "KBList":  "2507766"
    },
    {
        "Version":  "9.0.4912"
    },
    {
        "SP":  [
                   "SP4",
                   "LATEST"
               ],
        "Version":  "9.0.5000",
        "SupportedUntil":  "2016-04-12T00:00:00",
        "KBList":  "2463332"
    },
    {
        "Version":  "9.0.5057",
        "KBList":  "2494120"
    },
    {
        "Version":  "9.0.5069",
        "KBList":  "2716429"
    },
    {
        "CU":  "CU1",
        "Version":  "9.0.5254",
        "KBList":  "2464079"
    },
    {
        "CU":  "CU2",
        "Version":  "9.0.5259",
        "KBList":  "2489409"
    },
    {
        "CU":  "CU3",
        "Version":  "9.0.5266",
        "KBList":  "2507769"
    },
    {
        "Version":  "9.0.5292",
        "KBList":  "2494123"
    },
    {
        "Version":  "9.0.5294",
        "KBList":  "2572407"
    },
    {
        "Version":  "9.0.5295",
        "KBList":  "2598903"
    },
    {
        "Version":  "9.0.5296",
        "KBList":  "2615425"
    },
    {
        "Version":  "9.0.5324",
        "KBList":  "2716427"
    },
    {
        "Version":  "10.0.0",
        "Name": "2008"
    },
    {
        "Version":  "10.0.1019"
    },
    {
        "Version":  "10.0.1049"
    },
    {
        "Version":  "10.0.1075"
    },
    {
        "Version":  "10.0.1300"
    },
    {
        "Version":  "10.0.1442"
    },
    {
        "SP":  "RTM",
        "Version":  "10.0.1600",
        "SupportedUntil":  "2010-04-13T00:00:00"
    },
    {
        "Version":  "10.0.1750",
        "KBList":  "956718"
    },
    {
        "Version":  "10.0.1755",
        "KBList":  "957387"
    },
    {
        "CU":  "CU1",
        "Version":  "10.0.1763",
        "KBList":  "956717"
    },
    {
        "Version":  "10.0.1767",
        "KBList":  "958208"
    },
    {
        "Version":  "10.0.1771",
        "KBList":  "958611"
    },
    {
        "CU":  "CU2",
        "Version":  "10.0.1779",
        "KBList":  "958186"
    },
    {
        "CU":  "CU3",
        "Version":  "10.0.1787",
        "KBList":  "960484"
    },
    {
        "CU":  "CU4",
        "Version":  "10.0.1798",
        "KBList":  "963036"
    },
    {
        "CU":  "CU5",
        "Version":  "10.0.1806",
        "KBList":  "969531"
    },
    {
        "CU":  "CU6",
        "Version":  "10.0.1812",
        "KBList":  "971490"
    },
    {
        "CU":  "CU7",
        "Version":  "10.0.1818",
        "KBList":  "973601"
    },
    {
        "CU":  "CU8",
        "Version":  "10.0.1823",
        "KBList":  "975976"
    },
    {
        "CU":  "CU9",
        "Version":  "10.0.1828",
        "KBList":  "977444"
    },
    {
        "CU":  "CU10",
        "Version":  "10.0.1835",
        "KBList":  "979064"
    },
    {
        "Version":  "10.0.2520",
        "KBList":  "968369"
    },
    {
        "SP":  "SP1",
        "Version":  "10.0.2531",
        "SupportedUntil":  "2011-10-11T00:00:00",
        "KBList":  "968369"
    },
    {
        "Version":  "10.0.2573",
        "KBList":  "2494096"
    },
    {
        "CU":  "CU1",
        "Version":  "10.0.2710",
        "KBList":  "969099"
    },
    {
        "Version":  "10.0.2712",
        "KBList":  "970507"
    },
    {
        "CU":  "CU2",
        "Version":  "10.0.2714",
        "KBList":  "970315"
    },
    {
        "CU":  "CU3",
        "Version":  "10.0.2723",
        "KBList":  "971491"
    },
    {
        "CU":  "CU4",
        "Version":  "10.0.2734",
        "KBList":  "973602"
    },
    {
        "Version":  "10.0.2740",
        "KBList":  "976761"
    },
    {
        "CU":  "CU5",
        "Version":  "10.0.2746",
        "KBList":  "975977"
    },
    {
        "CU":  "CU6",
        "Version":  "10.0.2757",
        "KBList":  "977443"
    },
    {
        "CU":  "CU7",
        "Version":  "10.0.2766",
        "KBList":  "979065"
    },
    {
        "CU":  "CU8",
        "Version":  "10.0.2775",
        "KBList":  "981702"
    },
    {
        "Version":  "10.0.2787",
        "KBList":  "2231277"
    },
    {
        "CU":  "CU9",
        "Version":  "10.0.2789",
        "KBList":  "2083921"
    },
    {
        "CU":  "CU10",
        "Version":  "10.0.2799",
        "KBList":  "2279604"
    },
    {
        "CU":  "CU11",
        "Version":  "10.0.2804",
        "KBList":  "2413738"
    },
    {
        "CU":  "CU12",
        "Version":  "10.0.2808",
        "KBList":  "2467236"
    },
    {
        "CU":  "CU13",
        "Version":  "10.0.2816",
        "KBList":  "2497673"
    },
    {
        "CU":  "CU14",
        "Version":  "10.0.2821",
        "KBList":  "2527187"
    },
    {
        "Version":  "10.0.2841"
    },
    {
        "CU":  "CU15",
        "Version":  "10.0.2847",
        "KBList":  "2555406"
    },
    {
        "CU":  "CU16",
        "Version":  "10.0.2850",
        "KBList":  "2582282"
    },
    {
        "Version":  "10.0.3798",
        "KBList":  "979450"
    },
    {
        "SP":  "SP2",
        "Version":  "10.0.4000",
        "SupportedUntil":  "2012-10-09T00:00:00",
        "KBList":  "979450"
    },
    {
        "Version":  "10.0.4064",
        "KBList":  "2494088"
    },
    {
        "Version":  "10.0.4067",
        "KBList":  "2716434"
    },
    {
        "CU":  "CU1",
        "Version":  "10.0.4266",
        "KBList":  "2289254"
    },
    {
        "CU":  "CU2",
        "Version":  "10.0.4272",
        "KBList":  "2467239"
    },
    {
        "CU":  "CU3",
        "Version":  "10.0.4279",
        "KBList":  "2498535"
    },
    {
        "CU":  "CU4",
        "Version":  "10.0.4285",
        "KBList":  "2527180"
    },
    {
        "CU":  "CU5",
        "Version":  "10.0.4316",
        "KBList":  "2555408"
    },
    {
        "CU":  "CU6",
        "Version":  "10.0.4321",
        "KBList":  "2582285"
    },
    {
        "CU":  "CU7",
        "Version":  "10.0.4323",
        "KBList":  "2617148"
    },
    {
        "CU":  "CU8",
        "Version":  "10.0.4326",
        "KBList":  "2648096"
    },
    {
        "CU":  "CU9",
        "Version":  "10.0.4330",
        "KBList":  "2402659"
    },
    {
        "CU":  "CU10",
        "Version":  "10.0.4332",
        "KBList":  "2696625"
    },
    {
        "CU":  "CU11",
        "Version":  "10.0.4333",
        "KBList":  "2715951"
    },
    {
        "Version":  "10.0.4371",
        "KBList":  "2716433"
    },
    {
        "Version":  "10.0.5416",
        "KBList":  "2546945"
    },
    {
        "SP":  "SP3",
        "Version":  "10.0.5500",
        "SupportedUntil":  "2015-10-13T00:00:00",
        "KBList":  "2546951"
    },
    {
        "Version":  "10.0.5512",
        "KBList":  "2716436"
    },
    {
        "Version":  "10.0.5520",
        "KBList":  "2977321"
    },
    {
        "Version":  "10.0.5538",
        "KBList":  "3045305"
    },
    {
        "Version":  "10.0.5544",
        "KBList":  "3135244"
    },
    {
        "CU":  "CU1",
        "Version":  "10.0.5766",
        "KBList":  "2617146"
    },
    {
        "CU":  "CU2",
        "Version":  "10.0.5768",
        "KBList":  "2633143"
    },
    {
        "CU":  "CU3",
        "Version":  "10.0.5770",
        "KBList":  "2648098"
    },
    {
        "CU":  "CU4",
        "Version":  "10.0.5775",
        "KBList":  "2673383"
    },
    {
        "CU":  "CU5",
        "Version":  "10.0.5785",
        "KBList":  "2696626"
    },
    {
        "CU":  "CU6",
        "Version":  "10.0.5788",
        "KBList":  "271953"
    },
    {
        "CU":  "CU7",
        "Version":  "10.0.5794",
        "KBList":  "2738350"
    },
    {
        "Version":  "10.0.5826",
        "KBList":  "2716435"
    },
    {
        "CU":  "CU8",
        "Version":  "10.0.5828",
        "KBList":  "2771833"
    },
    {
        "CU":  "CU9",
        "Version":  "10.0.5829",
        "KBList":  "2799883"
    },
    {
        "Version":  "10.0.5835",
        "KBList":  "2814783"
    },
    {
        "CU":  "CU10",
        "Version":  "10.0.5840",
        "KBList":  "2834048"
    },
    {
        "CU":  "CU11",
        "Version":  "10.0.5841",
        "KBList":  "2834048"
    },
    {
        "CU":  "CU12",
        "Version":  "10.0.5844",
        "KBList":  "2863205"
    },
    {
        "CU":  "CU13",
        "Version":  "10.0.5846",
        "KBList":  "2880350"
    },
    {
        "CU":  "CU14",
        "Version":  "10.0.5848",
        "KBList":  "2893410"
    },
    {
        "CU":  "CU15",
        "Version":  "10.0.5850",
        "KBList":  "2923520"
    },
    {
        "CU":  "CU16",
        "Version":  "10.0.5852",
        "KBList":  "2936421"
    },
    {
        "CU":  "CU17",
        "Version":  "10.0.5861",
        "KBList":  "2958696"
    },
    {
        "Version":  "10.0.5867",
        "KBList":  "2877204"
    },
    {
        "Version":  "10.0.5869",
        "KBList":  "2977322"
    },
    {
        "Version":  "10.0.5890",
        "KBList":  "3045303"
    },
    {
        "Version":  "10.0.5894",
        "KBList":  "3135244"
    },
    {
        "SP":  [
                   "SP4",
                   "LATEST"
               ],
        "Version":  "10.0.6000",
        "SupportedUntil":  "2019-07-09T00:00:00",
        "KBList":  "2979596"
    },
    {
        "Version":  "10.0.6241",
        "KBList":  "3045311"
    },
    {
        "Version":  "10.0.6526",
        "KBList":  "3034373"
    },
    {
        "Version":  "10.0.6535",
        "KBList":  "3045308"
    },
    {
        "Version":  "10.0.6543",
        "KBList":  "3135244"
    },
    {
        "Version":  "10.0.6547",
        "KBList":  "3146034"
    },
    {
        "Version":  "10.50.1092",
        "Name": "2008R2"
    },
    {
        "Version":  "10.50.1352"
    },
    {
        "SP":  "RTM",
        "Version":  "10.50.1600",
        "SupportedUntil":  "2012-07-10T00:00:00"
    },
    {
        "Version":  "10.50.1617",
        "KBList":  "2494088"
    },
    {
        "CU":  "CU1",
        "Version":  "10.50.1702",
        "KBList":  "981355"
    },
    {
        "CU":  "CU2",
        "Version":  "10.50.1720",
        "KBList":  "2072493"
    },
    {
        "CU":  "CU3",
        "Version":  "10.50.1734",
        "KBList":  "2261464"
    },
    {
        "CU":  "CU4",
        "Version":  "10.50.1746",
        "KBList":  "2345451"
    },
    {
        "CU":  "CU5",
        "Version":  "10.50.1753",
        "KBList":  "2438347"
    },
    {
        "CU":  "CU6",
        "Version":  "10.50.1765",
        "KBList":  "2489376"
    },
    {
        "Version":  "10.50.1769",
        "KBList":  "2520808"
    },
    {
        "CU":  "CU7",
        "Version":  "10.50.1777",
        "KBList":  "2507770"
    },
    {
        "Version":  "10.50.1790",
        "KBList":  "2494086"
    },
    {
        "CU":  "CU8",
        "Version":  "10.50.1797",
        "KBList":  "2534352"
    },
    {
        "Version":  "10.50.1804",
        "KBList":  "2567713"
    },
    {
        "CU":  "CU9",
        "Version":  "10.50.1807",
        "KBList":  "2591746"
    },
    {
        "CU":  "CU10",
        "Version":  "10.50.1809",
        "KBList":  "2633145"
    },
    {
        "CU":  "CU11",
        "Version":  "10.50.1810",
        "KBList":  "2659692"
    },
    {
        "CU":  "CU12",
        "Version":  "10.50.1815",
        "KBList":  "2679366"
    },
    {
        "CU":  "CU13",
        "Version":  "10.50.1817",
        "KBList":  "2703280"
    },
    {
        "CU":  "CU14",
        "Version":  "10.50.2425",
        "KBList":  "2463333"
    },
    {
        "SP":  "SP1",
        "Version":  "10.50.2500",
        "SupportedUntil":  "2013-10-08T00:00:00",
        "KBList":  "2528583"
    },
    {
        "Version":  "10.50.2550",
        "KBList":  "27116440"
    },
    {
        "CU":  "CU1",
        "Version":  "10.50.2769",
        "KBList":  "2544793"
    },
    {
        "CU":  "CU2",
        "Version":  "10.50.2772",
        "KBList":  "2567714"
    },
    {
        "Version":  "10.50.2776"
    },
    {
        "CU":  "CU3",
        "Version":  "10.50.2789",
        "KBList":  "2591748"
    },
    {
        "CU":  "CU4",
        "Version":  "10.50.2796",
        "KBList":  "2633146"
    },
    {
        "Version":  "10.50.2799"
    },
    {
        "CU":  "CU5",
        "Version":  "10.50.2806",
        "KBList":  "2659694"
    },
    {
        "Version":  "10.50.2807"
    },
    {
        "CU":  "CU6",
        "Version":  "10.50.2811",
        "KBList":  "2679367"
    },
    {
        "CU":  "CU7",
        "Version":  "10.50.2817",
        "KBList":  "2703282"
    },
    {
        "CU":  "CU8",
        "Version":  "10.50.2822",
        "KBList":  "2723743"
    },
    {
        "Version":  "10.50.2861",
        "KBList":  "2716439"
    },
    {
        "CU":  "CU9",
        "Version":  "10.50.2866",
        "KBList":  "2756574"
    },
    {
        "CU":  "CU10",
        "Version":  "10.50.2868",
        "KBList":  "2783135"
    },
    {
        "CU":  "CU11",
        "Version":  "10.50.2869",
        "KBList":  "2812683"
    },
    {
        "CU":  "CU12",
        "Version":  "10.50.2874",
        "KBList":  "2828727"
    },
    {
        "CU":  "CU13",
        "Version":  "10.50.2876",
        "KBList":  "2855792"
    },
    {
        "Version":  "10.50.2881",
        "KBList":  "2868244"
    },
    {
        "Version":  "10.50.3720",
        "KBList":  "2630455"
    },
    {
        "SP":  "SP2",
        "Version":  "10.50.4000",
        "SupportedUntil":  "2015-10-13T00:00:00",
        "KBList":  "2630458"
    },
    {
        "Version":  "10.50.4033",
        "KBList":  "2977320"
    },
    {
        "Version":  "10.50.4042",
        "KBList":  "3045313"
    },
    {
        "CU":  "CU1",
        "Version":  "10.50.4260",
        "KBList":  "2720425"
    },
    {
        "CU":  "CU2",
        "Version":  "10.50.4263",
        "KBList":  "2740411"
    },
    {
        "CU":  "CU3",
        "Version":  "10.50.4266",
        "KBList":  "2754552"
    },
    {
        "CU":  "CU4",
        "Version":  "10.50.4270",
        "KBList":  "2777358"
    },
    {
        "CU":  "CU5",
        "Version":  "10.50.4276",
        "KBList":  "2797460"
    },
    {
        "Version":  "10.50.4279",
        "KBList":  "2830140"
    },
    {
        "CU":  "CU6",
        "Version":  "10.50.4285",
        "KBList":  "2830140"
    },
    {
        "CU":  "CU7",
        "Version":  "10.50.4286",
        "KBList":  "2844090"
    },
    {
        "CU":  "CU8",
        "Version":  "10.50.4290",
        "KBList":  "2871401"
    },
    {
        "CU":  "CU9",
        "Version":  "10.50.4295",
        "KBList":  "2887606"
    },
    {
        "CU":  "CU10",
        "Version":  "10.50.4297",
        "KBList":  "2908087"
    },
    {
        "CU":  "CU11",
        "Version":  "10.50.4302",
        "KBList":  "2926028"
    },
    {
        "CU":  "CU12",
        "Version":  "10.50.4305",
        "KBList":  "2938478"
    },
    {
        "CU":  "CU13",
        "Version":  "10.50.4319",
        "KBList":  "2967540"
    },
    {
        "Version":  "10.50.4339",
        "KBList":  "3045312"
    },
    {
        "Version":  "10.50.4343",
        "KBList":  "3135244"
    },
    {
        "SP":  [
                   "SP3",
                   "LATEST"
               ],
        "Version":  "10.50.6000",
        "SupportedUntil":  "2019-07-09T00:00:00",
        "KBList":  "2979597"
    },
    {
        "Version":  "10.50.6220",
        "KBList":  "3045316"
    },
    {
        "Version":  "10.50.6525",
        "KBList":  "3033860"
    },
    {
        "Version":  "10.50.6529",
        "KBList":  "3045314"
    },
    {
        "Version":  "10.50.6537",
        "KBList":  "3135244"
    },
    {
        "Version":  "10.50.6542",
        "KBList":  "3146034"
    },
    {
        "Version":  "11.0.1103",
        "Name": "2012"
    },
    {
        "Version":  "11.0.1440"
    },
    {
        "Version":  "11.0.1750"
    },
    {
        "Version":  "11.0.1913"
    },
    {
        "SP":  "RTM",
        "Version":  "11.0.2100",
        "SupportedUntil":  "2014-01-14T00:00:00"
    },
    {
        "Version":  "11.0.2214",
        "KBList":  "2685308"
    },
    {
        "Version":  "11.0.2218",
        "KBList":  "2716442"
    },
    {
        "CU":  "CU1",
        "Version":  "11.0.2316",
        "KBList":  "2679368"
    },
    {
        "CU":  "CU2",
        "Version":  "11.0.2325",
        "KBList":  "2703275"
    },
    {
        "CU":  "CU3",
        "Version":  "11.0.2332",
        "KBList":  "2723749"
    },
    {
        "Version":  "11.0.2376",
        "KBList":  "2716441"
    },
    {
        "CU":  "CU4",
        "Version":  "11.0.2383",
        "KBList":  "2758687"
    },
    {
        "CU":  "CU5",
        "Version":  "11.0.2395",
        "KBList":  "2777772"
    },
    {
        "CU":  "CU6",
        "Version":  "11.0.2401",
        "KBList":  "2728897"
    },
    {
        "CU":  "CU7",
        "Version":  "11.0.2405",
        "KBList":  "2823247"
    },
    {
        "CU":  "CU8",
        "Version":  "11.0.2410",
        "KBList":  "2844205"
    },
    {
        "CU":  "CU9",
        "Version":  "11.0.2419",
        "KBList":  "2867319"
    },
    {
        "CU":  "CU10",
        "Version":  "11.0.2420",
        "KBList":  "2891666"
    },
    {
        "CU":  "CU11",
        "Version":  "11.0.2424",
        "KBList":  "2908007"
    },
    {
        "Version":  "11.0.2809"
    },
    {
        "Version":  "11.0.2845"
    },
    {
        "SP":  "SP1",
        "Version":  "11.0.3000",
        "SupportedUntil":  "2015-07-14T00:00:00",
        "KBList":  "2674319"
    },
    {
        "Version":  "11.0.3128",
        "KBList":  "2793634"
    },
    {
        "Version":  "11.0.3153",
        "KBList":  "2977326"
    },
    {
        "Version":  "11.0.3156",
        "KBList":  "3045318"
    },
    {
        "CU":  "CU1",
        "Version":  "11.0.3321",
        "KBList":  "2765331"
    },
    {
        "Version":  "11.0.3335",
        "KBList":  "2800050"
    },
    {
        "CU":  "CU2",
        "Version":  "11.0.3339",
        "KBList":  "2790947"
    },
    {
        "CU":  "CU3",
        "Version":  "11.0.3349",
        "KBList":  "2812412"
    },
    {
        "Version":  "11.0.3350",
        "KBList":  "2832017"
    },
    {
        "CU":  "CU4",
        "Version":  "11.0.3368",
        "KBList":  "2833645"
    },
    {
        "CU":  "CU5",
        "Version":  "11.0.3373",
        "KBList":  "2861107"
    },
    {
        "CU":  "CU6",
        "Version":  "11.0.3381",
        "KBList":  "2874879"
    },
    {
        "CU":  "CU7",
        "Version":  "11.0.3393",
        "KBList":  "2894115"
    },
    {
        "CU":  "CU8",
        "Version":  "11.0.3401",
        "KBList":  "2917531"
    },
    {
        "CU":  "CU9",
        "Version":  "11.0.3412",
        "KBList":  "2931078"
    },
    {
        "CU":  "CU10",
        "Version":  "11.0.3431",
        "KBList":  "2954099"
    },
    {
        "Version":  "11.0.3437",
        "KBList":  "2969896"
    },
    {
        "CU":  "CU11",
        "Version":  "11.0.3449",
        "KBList":  "2975396"
    },
    {
        "CU":  "CU12",
        "Version":  "11.0.3460",
        "KBList":  "2977325"
    },
    {
        "CU":  "CU13",
        "Version":  "11.0.3470",
        "KBList":  "2991533"
    },
    {
        "Version":  "11.0.3482",
        "KBList":  "3002044"
    },
    {
        "CU":  "CU14",
        "Version":  "11.0.3486",
        "KBList":  "3023636"
    },
    {
        "CU":  "CU15",
        "Version":  "11.0.3487",
        "KBList":  "3038001"
    },
    {
        "CU":  "CU16",
        "Version":  "11.0.3492",
        "KBList":  "3052476"
    },
    {
        "Version":  "11.0.3513",
        "KBList":  "3045317"
    },
    {
        "SP":  "SP2",
        "Version":  "11.0.5058",
        "SupportedUntil":  "2017-01-10T00:00:00",
        "KBList":  "2958429"
    },
    {
        "Version":  "11.0.5343",
        "KBList":  "3045321"
    },
    {
        "Version":  "11.0.5352",
        "KBList":  "3135244"
    },
    {
        "Version":  "11.0.5388",
        "KBList":  "3194719"
    },
    {
        "Version":  "11.0.5522",
        "KBList":  "2969896"
    },
    {
        "CU":  "CU1",
        "Version":  "11.0.5532",
        "KBList":  "2976982"
    },
    {
        "CU":  "CU2",
        "Version":  "11.0.5548",
        "KBList":  "2983175"
    },
    {
        "CU":  "CU3",
        "Version":  "11.0.5556",
        "KBList":  "3002049"
    },
    {
        "CU":  "CU4",
        "Version":  "11.0.5569",
        "KBList":  "3007556"
    },
    {
        "Version":  "11.0.5571",
        "KBList":  "3034679"
    },
    {
        "CU":  "CU5",
        "Version":  "11.0.5582",
        "KBList":  "3037255"
    },
    {
        "CU":  "CU6",
        "Version":  "11.0.5592",
        "KBList":  "3052468"
    },
    {
        "Version":  "11.0.5613",
        "KBList":  "3045319"
    },
    {
        "CU":  "CU7",
        "Version":  "11.0.5623",
        "KBList":  "3072100"
    },
    {
        "Version":  "11.0.5629",
        "KBList":  "3087872"
    },
    {
        "CU":  "CU8",
        "Version":  "11.0.5634",
        "KBList":  "3082561"
    },
    {
        "Version":  "11.0.5636",
        "KBList":  "3097636"
    },
    {
        "CU":  "CU9",
        "Version":  "11.0.5641",
        "KBList":  "3098512"
    },
    {
        "CU":  "CU10",
        "Version":  "11.0.5644",
        "KBList":  "3120313"
    },
    {
        "CU":  "CU11",
        "Version":  "11.0.5646",
        "KBList":  "3137745"
    },
    {
        "CU":  "CU12",
        "Version":  "11.0.5649",
        "KBList":  "3152637"
    },
    {
        "CU":  "CU13",
        "Version":  "11.0.5655",
        "KBList":  "3165266"
    },
    {
        "CU":  "CU14",
        "Version":  "11.0.5657",
        "KBList":  "3180914"
    },
    {
        "CU":  "CU15",
        "Version":  "11.0.5676",
        "KBList":  [
                       "3205416",
                       "3194725"
                   ]
    },
    {
        "CU":  "CU16",
        "Version":  "11.0.5678",
        "KBList":  "3205054"
    },
    {
        "SP":  "SP3",
        "Version":  "11.0.6020",
        "SupportedUntil":  "2018-09-10T00:00:00",
        "KBList":  "3072779"
    },
    {
        "Version":  "11.0.6216",
        "KBList":  "3135244"
    },
    {
        "Version":  "11.0.6248",
        "KBList":  "3194721"
    },
    {
       "Version":  "11.0.6251",
       "KBList":  "4019092"
    },
    {
        "CU":  "CU1",
        "Version":  "11.0.6518",
        "KBList":  "3123299"
    },
    {
        "CU":  "CU2",
        "Version":  "11.0.6523",
        "KBList":  "3137746"
    },
    {
        "CU":  "CU3",
        "Version":  "11.0.6537",
        "KBList":  "3152635"
    },
    {
        "CU":  "CU4",
        "Version":  "11.0.6540",
        "KBList":  "3165264"
    },
    {
        "CU":  "CU5",
        "Version":  "11.0.6544",
        "KBList":  "3180915"
    },
    {
        "CU":  "CU6",
        "Version":  "11.0.6567",
        "KBList":  [
                       "3194992",
                       "3194724"
                   ]
    },
    {
        "CU":  "CU7",
        "Version":  "11.0.6579",
        "KBList":  "3205051"
    },
    {
        "CU":  "CU8",
        "Version":  "11.0.6594",
        "KBList":  "4013104"
    },
    {
        "CU":  "CU9",
        "Version":  "11.0.6598",
        "KBList":  "4016762"
    },
    {
        "CU":  "CU10",
        "Version":  "11.0.6607",
        "KBList":  [
                       "4025925",
                       "4019090"
                   ]
    },
    {
        "SP":  [
                   "SP4",
                   "LATEST"
               ],
        "SupportedUntil":  "2022-07-12T00:00:00",
        "Version":  "11.0.7001",
        "KBList":  "4018073"
    },
    {
        "Version":  "12.0.1524",
        "Name": "2014"
    },
    {
        "SP":  "RTM",
        "Version":  "12.0.2000",
        "SupportedUntil":  "2016-07-12T00:00:00"
    },
    {
        "Version":  "12.0.2254",
        "KBList":  "2977315"
    },
    {
        "Version":  "12.0.2269",
        "KBList":  "3045324"
    },
    {
        "Version":  "12.0.2271"
    },
    {
        "CU":  "CU1",
        "Version":  "12.0.2342",
        "KBList":  "2931693"
    },
    {
        "CU":  "CU2",
        "Version":  "12.0.2370",
        "KBList":  "2967546"
    },
    {
        "Version":  "12.0.2381",
        "KBList":  "2977316"
    },
    {
        "CU":  "CU3",
        "Version":  "12.0.2402",
        "KBList":  "2984923"
    },
    {
        "Version":  "12.0.2405",
        "KBList":  "2999809"
    },
    {
        "Version":  "12.0.2423",
        "KBList":  "3007050"
    },
    {
        "CU":  "CU4",
        "Version":  "12.0.2430",
        "KBList":  "2999197"
    },
    {
        "Version":  "12.0.2436",
        "KBList":  "3014867"
    },
    {
        "CU":  "CU5",
        "Version":  "12.0.2456",
        "KBList":  "3011055"
    },
    {
        "Version":  "12.0.2464",
        "KBList":  "3024815"
    },
    {
        "Version":  "12.0.2472",
        "KBList":  "3032087"
    },
    {
        "Version":  "12.0.2474",
        "KBList":  "3034679"
    },
    {
        "CU":  "CU6",
        "Version":  "12.0.2480",
        "KBList":  "3031047"
    },
    {
        "Version":  "12.0.2485",
        "KBList":  "3043788"
    },
    {
        "Version":  "12.0.2488",
        "KBList":  "3048751"
    },
    {
        "CU":  "CU7",
        "Version":  "12.0.2495",
        "KBList":  "3046038"
    },
    {
        "Version":  "12.0.2504",
        "KBList":  [
                       "3058512",
                       "2999809"
                   ]
    },
    {
        "Version":  "12.0.2505",
        "KBList":  "3052167"
    },
    {
        "Version":  "12.0.2506",
        "KBList":  "3063054"
    },
    {
        "CU":  "CU8",
        "Version":  "12.0.2546",
        "KBList":  "3067836"
    },
    {
        "Version":  "12.0.2548",
        "KBList":  "3045323"
    },
    {
        "CU":  "CU9",
        "Version":  "12.0.2553",
        "KBList":  "3075949"
    },
    {
        "CU":  "CU10",
        "Version":  "12.0.2556",
        "KBList":  "3094220"
    },
    {
        "CU":  "CU11",
        "Version":  "12.0.2560",
        "KBList":  "3106659"
    },
    {
        "CU":  "CU12",
        "Version":  "12.0.2564",
        "KBList":  "3130923"
    },
    {
        "CU":  "CU13",
        "Version":  "12.0.2568",
        "KBList":  "3144517"
    },
    {
        "CU":  "CU14",
        "Version":  "12.0.2569",
        "KBList":  "3158271"
    },
    {
        "SP":  "SP1",
        "Version":  "12.0.4100",
        "SupportedUntil":  "2017-10-10T00:00:00",
        "KBList":  "3058865"
    },
    {
        "Version":  "12.0.4213",
        "KBList":  "3070446"
    },
    {
        "Version":  "12.0.4219"
    },
    {
        "Version":  "12.0.4232",
        "KBList":  "3194720"
    },
    {
        "Version":  "12.0.4237",
        "KBList":  "4019091"
    },
    {
        "CU":  "CU1",
        "Version":  "12.0.4416",
        "KBList":  "3067839"
    },
    {
        "Version":  "12.0.4419",
        "KBList":  "3078973"
    },
    {
        "CU":  "CU2",
        "Version":  "12.0.4422",
        "KBList":  "3075950"
    },
    {
        "CU":  "CU3",
        "Version":  "12.0.4427",
        "KBList":  "3094221"
    },
    {
        "Version":  "12.0.4432",
        "KBList":  [
                       "3097972",
                       "319472"
                   ]
    },
    {
        "Version":  "12.0.4433",
        "KBList":  "3119148"
    },
    {
        "CU":  "CU4",
        "Version":  "12.0.4436",
        "KBList":  "3106660"
    },
    {
        "Version":  "12.0.4437",
        "KBList":  "3130999"
    },
    {
        "CU":  "CU5",
        "Version":  "12.0.4439",
        "KBList":  "3130926"
    },
    {
        "Version":  "12.0.4449",
        "KBList":  "3144524"
    },
    {
        "CU":  "CU6",
        "Version":  "12.0.4457",
        "KBList":  "3167392"
    },
    {
        "CU":  "CU7",
        "Version":  "12.0.4459",
        "KBList":  "3162659"
    },
    {
        "Version":  "12.0.4463",
        "KBList":  "3174370"
    },
    {
        "CU":  "CU8",
        "Version":  "12.0.4468",
        "KBList":  "917606"
    },
    {
        "CU":  "CU9",
        "Version":  "12.0.4474",
        "KBList":  "3186964"
    },
    {
        "Version":  "12.0.4487",
        "KBList":  "3194722"
    },
    {
        "CU":  "CU10",
        "Version":  "12.0.4491",
        "KBList":  "3204399"
    },
    {
        "Version":  "12.0.4502",
        "CU":  "CU11",
        "KBList":  "4010392"
    },
    {
        "Version":  "12.0.4511",
        "CU":  "CU12",
        "KBList":  "4017793"
    },
    {
        "Version":  "12.0.4522",
        "CU":  "CU13",
        "KBList":  [
                       "4019099",
                       "4032542"
                   ]
    },
    {
        "SP":  [
                   "SP2",
                   "LATEST"
               ],
        "Version":  "12.0.5000",
        "SupportedUntil":  "2024-07-09T00:00:00",
        "KBList":  "3171021"
    },
    {
        "Version":  "12.0.5203",
        "KBList":  "3194714"
    },
    {
        "Version": "12.0.5207",
        "KBList": "4019093"
    },
    {
        "CU":  "CU1",
        "Version":  "12.0.5511",
        "KBList":  "3178925"
    },
    {
        "CU":  "CU2",
        "Version":  "12.0.5522",
        "KBList":  "3188778"
    },
    {
        "Version":  "12.0.5532",
        "KBList":  "3194718"
    },
    {
        "CU":  "CU3",
        "Version":  "12.0.5538",
        "KBList":  "3204388"
    },
    {
        "CU":  "CU4",
        "Version":  "12.0.5540",
        "KBList":  "4010394"
    },
    {
        "CU":  "CU5",
        "Version":  "12.0.5546",
        "KBList":  "4013098"
    },
    {
        "Version":  "12.0.5553",
        "CU":  "CU6",
        "KBList":  [
                       "4019094",
                       "4036996"
                   ]
    },
    {
        "CU":  "CU7",
        "Version":  "12.0.5556",
        "KBList":  "4032541"
    },
    {
        "CU":  "CU8",
        "Version":  "12.0.5557",
        "KBList":  "4037356"
    },
    {
        "CU": "CU9",
        "Version": "12.0.5563",
        "KBList": "4055557"
    },
    {
        "Version":  "13.0.200",
        "Name": "2016"
    },
    {
        "Version":  "13.0.300"
    },
    {
        "Version":  "13.0.407"
    },
    {
        "Version":  "13.0.500"
    },
    {
        "Version":  "13.0.600"
    },
    {
        "Version":  "13.0.700"
    },
    {
        "Version":  "13.0.800"
    },
    {
        "Version":  "13.0.900"
    },
    {
        "Version":  "13.0.1000"
    },
    {
        "Version":  "13.0.1100"
    },
    {
        "Version":  "13.0.1200"
    },
    {
        "Version":  "13.0.1250"
    },
    {
        "Version":  "13.0.1300"
    },
    {
        "Version":  "13.0.1400"
    },
    {
        "SP":  "RTM",
        "Version":  "13.0.1601",
        "SupportedUntil":  "2018-01-09T00:00:00"
    },
    {
        "Version":  "13.0.1708",
        "KBList":  "3164398"
    },
    {
        "Version":  "13.0.1722",
        "KBList":  "3194716"
    },
    {
        "Version":  "13.0.1728",
        "KBList":  "3210111"
    },
    {
        "Version":  "13.0.1742",
        "KBList":  "4019088"
    },
    {
        "CU":  "CU1",
        "Version":  "13.0.2149",
        "KBList":  "3164674"
    },
    {
        "CU":  "CU2",
        "Version":  "13.0.2164",
        "KBList":  "3182270"
    },
    {
        "Version":  "13.0.2169",
        "KBList":  "3195813"
    },
    {
        "Version":  "13.0.2170",
        "KBList":  "3199171"
    },
    {
        "CU":  "CU3",
        "Version":  "13.0.2186",
        "KBList":  [
                       "3205413",
                       "3194717"
                   ]
    },
    {
        "Version":  "13.0.2190",
        "KBList":  "3210110"
    },
    {
        "CU":  "CU4",
        "Version":  "13.0.2193",
        "KBList":  "3205052"
    },
    {
        "CU":  "CU5",
        "Version":  "13.0.2197",
        "KBList":  "4013105"
    },
    {
        "CU":  "CU6",
        "Version":  "13.0.2204",
        "KBList":  "4019914"
    },
    {
        "Version":  "13.0.2210",
        "CU":  "CU7",
        "KBList":  [
                       "4024304",
                       "4019086"
                   ]
    },
    {
        "CU":  "CU8",
        "Version":  "13.0.2213",
        "KBList":  "4040713"
    },
    {
        "CU": "CU9",
        "Version": "13.0.2216",
        "KBList": "4037357"
    },
    {
        "SP":  [
                   "SP1",
                   "LATEST"
               ],
        "Version":  "13.0.4001",
        "SupportedUntil":  "2026-07-14T00:00:00",
        "KBList":  "3182545"
    },
    {
        "Version":  "13.0.4199",
        "KBList":  "3207512"
    },
    {
        "Version":  "13.0.4202",
        "KBList":  "3210089"
    },
    {
        "Version": "13.0.4206",
        "KBList": "4019089"
    },
    {
        "CU":  "CU1",
        "Version":  "13.0.4411",
        "KBList":  "3208177"
    },
    {
        "CU":  "CU2",
        "Version":  "13.0.4422",
        "KBList":  "4013106"
    },
    {
        "CU":  "CU3",
        "Version":  "13.0.4435",
        "KBList":  "4019916"
    },
    {
        "Version":  "13.0.4446",
        "CU":  "CU4",
        "KBList":  [
                       "4024305",
                       "4019095"
                   ]
    },
    {
        "CU":  "CU5",
        "Version":  "13.0.4451",
        "KBList":  "4040714"
    },
    {
        "CU": "CU6",
        "Version": "13.0.4457",
        "KBList": "4037354"
    },
    {
        "CU": "CU7",
        "Version": "13.0.4466",
        "KBList": "4058561"
    },
    {
        "Version":  "14.0.1",
        "Name": "2017"
    },
    {
        "Version":  "14.0.100"
    },
    {
        "Version":  "14.0.200"
    },
    {
        "Version":  "14.0.304"
    },
    {
        "Version":  "14.0.405"
    },
    {
        "Version":  "14.0.500"
    },
    {
        "Version":  "14.0.600"
    },
    {
        "Version":  "14.0.800"
    },
    {
        "Version":  "14.0.900"
    },
    {
        "SP":  [
                   "RTM",
                   "LATEST"
               ],
        "Version":  "14.0.1000",
        "SupportedUntil":  "2027-10-12T00:00:00"
    },
    {
        "CU":  "CU1",
        "Version":  "14.0.3006",
        "KBList":  "4038634"
    },
    {
        "CU": "CU2",
        "Version": "14.0.3008",
        "KBList": "4052574"
    },
    {
        "CU": "CU3",
        "Version": "14.0.3015",
        "KBList": "4052987"
    }
    ]
}
